<?xml version="1.0" encoding="UTF-8"?>
<project-private xmlns="http://www.netbeans.org/ns/project-private/1">
    <editor-bookmarks xmlns="http://www.netbeans.org/ns/editor-bookmarks/2" lastBookmarkId="0"/>
    <open-files xmlns="http://www.netbeans.org/ns/projectui-open-files/2">
        <group>
            <file>file:/C:/Users/Calla/Documents/NetBeansProjects/CTC-Chiropratic/web/index.jsp</file>
            <file>file:/C:/Users/Calla/Documents/NetBeansProjects/CTC-Chiropratic/web/styles.css</file>
            <file>file:/C:/Users/Calla/Documents/NetBeansProjects/CTC-Chiropratic/web/Patient-Appointment_T-D.jsp</file>
            <file>file:/C:/Users/Calla/Documents/NetBeansProjects/CTC-Chiropratic/web/SearchResults.jsp</file>
            <file>file:/C:/Users/Calla/Documents/NetBeansProjects/CTC-Chiropratic/web/Patient-Home.jsp</file>
            <file>file:/C:/Users/Calla/Documents/NetBeansProjects/CTC-Chiropratic/web/Patient-Appointment_Doc.jsp</file>
            <file>file:/C:/Users/Calla/Documents/NetBeansProjects/CTC-Chiropratic/web/Patient-APPMain.jsp</file>
            <file>file:/C:/Users/Calla/Documents/NetBeansProjects/CTC-Chiropratic/src/java/org/example/Doctors.java</file>
            <file>file:/C:/Users/Calla/Documents/NetBeansProjects/CTC-Chiropratic/src/java/org/example/PatientList.java</file>
            <file>file:/C:/Users/Calla/Documents/NetBeansProjects/CTC-Chiropratic/src/java/org/example/PatientLoginServlet.java</file>
            <file>file:/C:/Users/Calla/Documents/NetBeansProjects/CTC-Chiropratic/web/Patient-Login.jsp</file>
            <file>file:/C:/Users/Calla/Documents/NetBeansProjects/CTC-Chiropratic/web/Patient-Appointment_T-D-Doc.jsp</file>
            <file>file:/C:/Users/Calla/Documents/NetBeansProjects/CTC-Chiropratic/src/java/org/example/SearchAppointmentDoctorTimeDateServlet.java</file>
            <file>file:/C:/Users/Calla/Documents/NetBeansProjects/CTC-Chiropratic/src/java/org/example/ApptList.java</file>
            <file>file:/C:/Users/Calla/Documents/NetBeansProjects/CTC-Chiropratic/web/Patient-Appointment_Set.jsp</file>
            <file>file:/C:/Users/Calla/Documents/NetBeansProjects/CTC-Chiropratic/src/java/org/example/Patients.java</file>
            <file>file:/C:/Users/Calla/Documents/NetBeansProjects/CTC-Chiropratic/src/java/org/example/DoctorLoginServlet.java</file>
            <file>file:/C:/Users/Calla/Documents/NetBeansProjects/CTC-Chiropratic/web/Error.jsp</file>
            <file>file:/C:/Users/Calla/Documents/NetBeansProjects/CTC-Chiropratic/src/java/org/example/Appointments.java</file>
            <file>file:/C:/Users/Calla/Documents/NetBeansProjects/CTC-Chiropratic/src/java/org/example/SearchAppointmentDoctorServlet.java</file>
            <file>file:/C:/Users/Calla/Documents/NetBeansProjects/CTC-Chiropratic/web/Patient-upadate_profile.jsp</file>
            <file>file:/C:/Users/Calla/Documents/NetBeansProjects/CTC-Chiropratic/src/java/org/example/SearchAppointmentTimeDateServlet.java</file>
        </group>
    </open-files>
</project-private>
